Workbook

Sheet Raw Data
A1: Date | B1: Region | C1: Salesperson | D1: Product | E1: Category | F1: Units | G1: Unit Price (Rs) | H1: Total (Rs)
A2: 2026-01-01 | B2: Faisalabad | C2: Ayesha Noor | D2: Kids Sneakers | E2: Footwear | F2: 2 | G2: 1200 | H2: =F2*G2 -> 2400
A3: 2026-01-01 | B3: Islamabad | C3: Bilal Yousaf | D3: Cotton Roll | E3: Clothing | F3: 11 | G3: 8000 | H3: =F3*G3 -> 88000
A4: 2026-01-02 | B4: Karachi | C4: Nadia Sheikh | D4: Skincare Kit | E4: Clothing | F4: 27 | G4: 2800 | H4: =F4*G4 -> 75600
A5: 2026-01-03 | B5: Faisalabad | C5: Kashif Mehmood | D5: Winter Jacket | E5: Clothing | F5: 38 | G5: 4500 | H5: =F5*G5 -> 171000
A6: 2026-01-04 | B6: Karachi | C6: Nadia Sheikh | D6: Kids Sneakers | E6: Footwear | F6: 40 | G6: 1200 | H6: =F6*G6 -> 48000
A7: 2026-01-06 | B7: Multan | C7: Kashif Mehmood | D7: Steel Rod | E7: Home & Kitchen | F7: 60 | G7: 950 | H7: =F7*G7 -> 57000
A8: 2026-01-06 | B8: Islamabad | C8: Nadia Sheikh | D8: Winter Jacket | E8: Clothing | F8: 43 | G8: 4500 | H8: =F8*G8 -> 193500
A9: 2026-01-07 | B9: Karachi | C9: Bilal Yousaf | D9: Skincare Kit | E9: Clothing | F9: 51 | G9: 2800 | H9: =F9*G9 -> 142800
A10: 2026-01-07 | B10: Karachi | C10: Usman Ali | D10: Cotton Roll | E10: Clothing | F10: 3 | G10: 8000 | H10: =F10*G10 -> 24000
A11: 2026-01-08 | B11: Lahore | C11: Ahmed Raza | D11: Sports Shoes | E11: Footwear | F11: 26 | G11: 3500 | H11: =F11*G11 -> 91000
A12: 2026-01-08 | B12: Lahore | C12: Usman Ali | D12: Office Chair | E12: Home & Kitchen | F12: 25 | G12: 4500 | H12: =F12*G12 -> 112500
A13: 2026-01-09 | B13: Karachi | C13: Nadia Sheikh | D13: Packaging Box | E13: Home & Kitchen | F13: 6 | G13: 85 | H13: =F13*G13 -> 510
... A121: 2026-03-31 | B121: Multan | C121: Hina Kausar | D121: Brake Pads Set | E121: Electronics | F121: 16 | G121: 1450 | H121: =F121*G121 -> 23200

Sheet Dashboard
A1: Q1 2026 Sales Dashboard
A3: Total Revenue (Rs) | D3: Total Orders | G3: Total Units Sold | J3: Avg Order Value (Rs)
A4: =SUM('Raw Data'!H2:H121) -> 13401085 | D4: =COUNTA('Raw Data'!A2:A121) -> 120 | G4: =SUM('Raw Data'!F2:F121) -> 3459 | J4: =IFERROR(A4/D4,0) -> 111675.71
A8: Revenue by Region | D8: Revenue by Category | G8: Revenue by Month
A9: Region | B9: Revenue (Rs) | D9: Category | E9: Revenue (Rs) | G9: Month | H9: Revenue (Rs)
A10: Karachi | B10: =SUMIF('Raw Data'!B:B,A10,'Raw Data'!H:H) -> 4996140 | D10: Electronics | E10: =SUMIF('Raw Data'!E:E,D10,'Raw Data'!H:H) -> 4570500 | G10: January | H10: =SUMPRODUCT((MONTH('Raw Data'!$A$2:$A$121)=1)*('Raw Data'!$H$2:$H$121)) -> 5314315
A11: Lahore | B11: =SUMIF('Raw Data'!B:B,A11,'Raw Data'!H:H) -> 2114450 | D11: Clothing | E11: =SUMIF('Raw Data'!E:E,D11,'Raw Data'!H:H) -> 4216300 | G11: February | H11: =SUMPRODUCT((MONTH('Raw Data'!$A$2:$A$121)=2)*('Raw Data'!$H$2:$H$121)) -> 2911880
A12: Islamabad | B12: =SUMIF('Raw Data'!B:B,A12,'Raw Data'!H:H) -> 1556645 | D12: Home & Kitchen | E12: =SUMIF('Raw Data'!E:E,D12,'Raw Data'!H:H) -> 1726585 | G12: March | H12: =SUMPRODUCT((MONTH('Raw Data'!$A$2:$A$121)=3)*('Raw Data'!$H$2:$H$121)) -> 5174890
A13: Multan | B13: =SUMIF('Raw Data'!B:B,A13,'Raw Data'!H:H) -> 1775000 | D13: Footwear | E13: =SUMIF('Raw Data'!E:E,D13,'Raw Data'!H:H) -> 1106100
A14: Faisalabad | B14: =SUMIF('Raw Data'!B:B,A14,'Raw Data'!H:H) -> 2958850 | D14: Groceries | E14: =SUMIF('Raw Data'!E:E,D14,'Raw Data'!H:H) -> 1781600
